Metric,Value
Accuracy,0.9599282296650717
Precision,0.9588033625788168
Recall,0.9599282296650717
F1-Score,0.9588283410865664
CV Score,0.9834796073961313
