Metric,Value
Accuracy,0.93122009569378
Precision,0.9362806772646151
Recall,0.93122009569378
F1-Score,0.9206571512502397
CV Score,0.9612898978068009
