Metric,Value
Accuracy,0.9766746411483254
Precision,0.9767291368060467
Recall,0.9766746411483254
F1-Score,0.9759311514144211
CV Score,0.9876984264199944
