Metric,Value
Accuracy,0.9706937799043063
Precision,0.9714374960389777
Recall,0.9706937799043063
F1-Score,0.9692103447020837
CV Score,0.9878592900446806
