Model,Accuracy,Precision,Recall,F1_Score,CV_Score,Is_Best_Model
SVM,0.979066985645933,0.9789275513603889,0.979066985645933,0.9785830328138276,0.9891548320127734,1
LogisticRegression,0.9766746411483254,0.9767291368060467,0.9766746411483254,0.9759311514144211,0.9876984264199944,0
RandomForest,0.9706937799043063,0.9714374960389777,0.9706937799043063,0.9692103447020837,0.9878592900446806,0
DecisionTree,0.9599282296650717,0.9588033625788168,0.9599282296650717,0.9588283410865664,0.9834796073961313,0
KNN,0.93122009569378,0.9362806772646151,0.93122009569378,0.9206571512502397,0.9612898978068009,0
